date,user,risk_score,alert_severity,explanation,mitre_tactic
2024-01-19,U100,74.44706797599792,MEDIUM,Risk score 74/100. Contributing factors: Anomaly score 0.359; After-hours activity (0:00). ,
2024-01-26,U100,78.79526406526566,MEDIUM,Risk score 79/100. Contributing factors: Anomaly score 0.370; After-hours activity (0:00). ,
2024-01-30,U100,76.86615228652954,MEDIUM,Risk score 77/100. Contributing factors: Anomaly score 0.365; After-hours activity (0:00). ,
2024-01-15,U101,100.0,CRITICAL,Risk score 100/100. Contributing factors: Anomaly score 3.723; Contractor role (+19%); After-hours activity (0:00). ,
2024-01-17,U101,100.0,CRITICAL,Risk score 100/100. Contributing factors: Anomaly score 0.557; Contractor role (+19%); After-hours activity (0:00). ,
2024-01-19,U101,100.0,CRITICAL,Risk score 100/100. Contributing factors: Anomaly score 0.561; Contractor role (+19%); After-hours activity (0:00). ,
2024-01-23,U101,100.0,CRITICAL,Risk score 100/100. Contributing factors: Anomaly score 0.584; Contractor role (+19%); After-hours activity (0:00). ,
2024-01-25,U101,100.0,CRITICAL,Risk score 100/100. Contributing factors: Anomaly score 0.638; Contractor role (+19%); After-hours activity (0:00). ,
2024-01-27,U101,100.0,CRITICAL,Risk score 100/100. Contributing factors: Anomaly score 0.613; Contractor role (+19%); After-hours activity (0:00). ,
2024-01-30,U101,100.0,CRITICAL,Risk score 100/100. Contributing factors: Anomaly score 0.460; Contractor role (+19%); After-hours activity (0:00). ,
2024-01-15,U102,100.0,CRITICAL,Risk score 100/100. Contributing factors: Anomaly score 0.469; After-hours activity (0:00). ,
2024-01-19,U102,85.55158093571663,HIGH,Risk score 86/100. Contributing factors: Anomaly score 0.388; After-hours activity (0:00). ,
2024-01-15,U103,100.0,CRITICAL,Risk score 100/100. Contributing factors: Anomaly score 0.631; After-hours activity (0:00). ,
2024-01-17,U103,100.0,CRITICAL,Risk score 100/100. Contributing factors: Anomaly score 0.483; After-hours activity (0:00). ,
2024-01-24,U103,100.0,CRITICAL,Risk score 100/100. Contributing factors: Anomaly score 0.585; After-hours activity (0:00). ,
2024-01-26,U103,100.0,CRITICAL,Risk score 100/100. Contributing factors: Anomaly score 0.579; After-hours activity (0:00). ,
2024-01-29,U103,100.0,CRITICAL,Risk score 100/100. Contributing factors: Anomaly score 0.485; After-hours activity (0:00). ,
2024-01-12,U104,100.0,CRITICAL,Risk score 100/100. Contributing factors: Anomaly score 3.440; After-hours activity (0:00). ,
2024-01-16,U104,100.0,CRITICAL,Risk score 100/100. Contributing factors: Anomaly score 3.910; After-hours activity (0:00). ,
2024-01-18,U104,100.0,CRITICAL,Risk score 100/100. Contributing factors: Anomaly score 2.142; After-hours activity (0:00). ,
2024-01-22,U104,100.0,CRITICAL,Risk score 100/100. Contributing factors: Anomaly score 1.747; After-hours activity (0:00). ,
2024-01-24,U104,100.0,CRITICAL,Risk score 100/100. Contributing factors: Anomaly score 2.044; After-hours activity (0:00). ,
2024-01-26,U104,100.0,CRITICAL,Risk score 100/100. Contributing factors: Anomaly score 0.553; After-hours activity (0:00). ,
2024-01-29,U104,100.0,CRITICAL,Risk score 100/100. Contributing factors: Anomaly score 0.442; After-hours activity (0:00). ,
2024-01-15,U105,100.0,CRITICAL,Risk score 100/100. Contributing factors: Anomaly score 0.480; After-hours activity (0:00). ,
2024-01-18,U105,100.0,CRITICAL,Risk score 100/100. Contributing factors: Anomaly score 0.461; After-hours activity (0:00). ,
2024-01-22,U105,100.0,CRITICAL,Risk score 100/100. Contributing factors: Anomaly score 0.502; After-hours activity (0:00). ,
2024-01-24,U105,100.0,CRITICAL,Risk score 100/100. Contributing factors: Anomaly score 0.535; After-hours activity (0:00). ,
2024-01-26,U105,100.0,CRITICAL,Risk score 100/100. Contributing factors: Anomaly score 0.471; After-hours activity (0:00). ,
2024-01-29,U105,100.0,CRITICAL,Risk score 100/100. Contributing factors: Anomaly score 4.895; After-hours activity (0:00). ,
2024-01-17,U106,91.55729278922081,HIGH,Risk score 92/100. Contributing factors: Anomaly score 0.404; After-hours activity (0:00). ,
2024-01-19,U106,82.74374395608902,MEDIUM,Risk score 83/100. Contributing factors: Anomaly score 0.381; After-hours activity (0:00). ,
2024-01-29,U106,100.0,CRITICAL,Risk score 100/100. Contributing factors: Anomaly score 0.533; After-hours activity (0:00). ,
2024-01-15,U107,100.0,CRITICAL,Risk score 100/100. Contributing factors: Anomaly score 0.992; Admin role (+50%); After-hours activity (0:00). ,
2024-01-17,U107,100.0,CRITICAL,Risk score 100/100. Contributing factors: Anomaly score 1.283; Admin role (+50%); After-hours activity (0:00). ,
2024-01-19,U107,100.0,CRITICAL,Risk score 100/100. Contributing factors: Anomaly score 1.311; Admin role (+50%); After-hours activity (0:00). ,
2024-01-23,U107,100.0,CRITICAL,Risk score 100/100. Contributing factors: Anomaly score 1.305; Admin role (+50%); After-hours activity (0:00). ,
2024-01-25,U107,100.0,CRITICAL,Risk score 100/100. Contributing factors: Anomaly score 1.185; Admin role (+50%); After-hours activity (0:00). ,
2024-01-27,U107,100.0,CRITICAL,Risk score 100/100. Contributing factors: Anomaly score 0.803; Admin role (+50%); After-hours activity (0:00). ,
2024-01-30,U107,100.0,CRITICAL,Risk score 100/100. Contributing factors: Anomaly score 0.484; Admin role (+50%); After-hours activity (0:00). ,
2024-01-15,U109,89.35022592544556,HIGH,Risk score 89/100. Contributing factors: Anomaly score 0.398; After-hours activity (0:00). ,
2024-01-17,U109,100.0,CRITICAL,Risk score 100/100. Contributing factors: Anomaly score 0.503; After-hours activity (0:00). ,
2024-01-19,U109,100.0,CRITICAL,Risk score 100/100. Contributing factors: Anomaly score 0.552; After-hours activity (0:00). ,
2024-01-23,U109,100.0,CRITICAL,Risk score 100/100. Contributing factors: Anomaly score 0.562; After-hours activity (0:00). ,
2024-01-25,U109,100.0,CRITICAL,Risk score 100/100. Contributing factors: Anomaly score 0.582; After-hours activity (0:00). ,
2024-01-27,U109,100.0,CRITICAL,Risk score 100/100. Contributing factors: Anomaly score 0.540; After-hours activity (0:00). ,
2024-01-30,U109,100.0,CRITICAL,Risk score 100/100. Contributing factors: Anomaly score 0.456; After-hours activity (0:00). ,
2024-01-15,U110,100.0,CRITICAL,Risk score 100/100. Contributing factors: Anomaly score 0.468; After-hours activity (0:00). ,
2024-01-19,U110,73.03272798657417,MEDIUM,Risk score 73/100. Contributing factors: Anomaly score 0.355; After-hours activity (0:00). ,
2024-01-23,U110,92.69491821527481,HIGH,Risk score 93/100. Contributing factors: Anomaly score 0.407; After-hours activity (0:00). ,
2024-01-25,U110,74.46667045354843,MEDIUM,Risk score 74/100. Contributing factors: Anomaly score 0.359; After-hours activity (0:00). ,
2024-01-27,U110,75.07120683789253,MEDIUM,Risk score 75/100. Contributing factors: Anomaly score 0.360; After-hours activity (0:00). ,
2024-01-15,U111,100.0,CRITICAL,Risk score 100/100. Contributing factors: Anomaly score 0.626; Contractor role (+19%); After-hours activity (0:00). ,
2024-01-17,U111,100.0,CRITICAL,Risk score 100/100. Contributing factors: Anomaly score 0.625; Contractor role (+19%); After-hours activity (0:00). ,
2024-01-19,U111,100.0,CRITICAL,Risk score 100/100. Contributing factors: Anomaly score 0.432; Contractor role (+19%); After-hours activity (0:00). ,
2024-01-23,U111,100.0,CRITICAL,Risk score 100/100. Contributing factors: Anomaly score 0.568; Contractor role (+19%); After-hours activity (0:00). ,
2024-01-25,U111,100.0,CRITICAL,Risk score 100/100. Contributing factors: Anomaly score 0.542; Contractor role (+19%); After-hours activity (0:00). ,
2024-01-27,U111,100.0,CRITICAL,Risk score 100/100. Contributing factors: Anomaly score 0.553; Contractor role (+19%); After-hours activity (0:00). ,
2024-01-30,U111,100.0,CRITICAL,Risk score 100/100. Contributing factors: Anomaly score 0.600; Contractor role (+19%); After-hours activity (0:00). ,
2024-01-12,U112,100.0,CRITICAL,Risk score 100/100. Contributing factors: Anomaly score 1.532; Admin role (+50%); After-hours activity (0:00). ,
2024-01-16,U112,100.0,CRITICAL,Risk score 100/100. Contributing factors: Anomaly score 1.509; Admin role (+50%); After-hours activity (0:00). ,
2024-01-18,U112,100.0,CRITICAL,Risk score 100/100. Contributing factors: Anomaly score 0.485; Admin role (+50%); After-hours activity (0:00). ,
2024-01-22,U112,100.0,CRITICAL,Risk score 100/100. Contributing factors: Anomaly score 0.469; Admin role (+50%); After-hours activity (0:00). ,
2024-01-24,U112,100.0,CRITICAL,Risk score 100/100. Contributing factors: Anomaly score 0.457; Admin role (+50%); After-hours activity (0:00). ,
2024-01-26,U112,100.0,CRITICAL,Risk score 100/100. Contributing factors: Anomaly score 0.463; Admin role (+50%); After-hours activity (0:00). ,
2024-01-28,U112,100.0,CRITICAL,Risk score 100/100. Contributing factors: Anomaly score 3.187; Admin role (+50%); After-hours activity (0:00). ,
2024-01-30,U112,100.0,CRITICAL,Risk score 100/100. Contributing factors: Anomaly score 3.190; Admin role (+50%); After-hours activity (0:00). ,
2024-01-15,U113,100.0,CRITICAL,Risk score 100/100. Contributing factors: Anomaly score 0.866; After-hours activity (0:00). ,
2024-01-17,U113,100.0,CRITICAL,Risk score 100/100. Contributing factors: Anomaly score 0.815; After-hours activity (0:00). ,
2024-01-19,U113,100.0,CRITICAL,Risk score 100/100. Contributing factors: Anomaly score 0.943; After-hours activity (0:00). ,
2024-01-23,U113,91.48089453577995,HIGH,Risk score 91/100. Contributing factors: Anomaly score 0.404; After-hours activity (0:00). ,
2024-01-25,U113,93.13770622015,HIGH,Risk score 93/100. Contributing factors: Anomaly score 0.408; After-hours activity (0:00). ,
2024-01-27,U113,74.33348760008812,MEDIUM,Risk score 74/100. Contributing factors: Anomaly score 0.358; After-hours activity (0:00). ,
2024-01-22,U114,100.0,CRITICAL,Risk score 100/100. Contributing factors: Anomaly score 0.826; After-hours activity (0:00). ,
2024-01-24,U114,100.0,CRITICAL,Risk score 100/100. Contributing factors: Anomaly score 0.863; After-hours activity (0:00). ,
2024-01-26,U114,100.0,CRITICAL,Risk score 100/100. Contributing factors: Anomaly score 0.866; After-hours activity (0:00). ,
2024-01-28,U114,100.0,CRITICAL,Risk score 100/100. Contributing factors: Anomaly score 1.845; After-hours activity (0:00). ,
2024-01-30,U114,100.0,CRITICAL,Risk score 100/100. Contributing factors: Anomaly score 2.191; After-hours activity (0:00). ,
2024-01-16,U115,100.0,CRITICAL,Risk score 100/100. Contributing factors: Anomaly score 1.092; After-hours activity (0:00). ,
2024-01-18,U115,100.0,CRITICAL,Risk score 100/100. Contributing factors: Anomaly score 1.170; After-hours activity (0:00). ,
2024-01-22,U115,100.0,CRITICAL,Risk score 100/100. Contributing factors: Anomaly score 1.201; After-hours activity (0:00). ,
2024-01-24,U115,100.0,CRITICAL,Risk score 100/100. Contributing factors: Anomaly score 1.488; After-hours activity (0:00). ,
2024-01-26,U115,100.0,CRITICAL,Risk score 100/100. Contributing factors: Anomaly score 1.487; After-hours activity (0:00). ,
2024-01-29,U115,100.0,CRITICAL,Risk score 100/100. Contributing factors: Anomaly score 0.477; After-hours activity (0:00). ,
2024-01-15,U116,100.0,CRITICAL,Risk score 100/100. Contributing factors: Anomaly score 1.926; After-hours activity (0:00). ,
2024-01-17,U116,100.0,CRITICAL,Risk score 100/100. Contributing factors: Anomaly score 1.995; After-hours activity (0:00). ,
2024-01-19,U116,100.0,CRITICAL,Risk score 100/100. Contributing factors: Anomaly score 2.257; After-hours activity (0:00). ,
2024-01-23,U116,74.94383543729782,MEDIUM,Risk score 75/100. Contributing factors: Anomaly score 0.360; After-hours activity (0:00). ,
2024-01-27,U116,73.73719900846481,MEDIUM,Risk score 74/100. Contributing factors: Anomaly score 0.357; After-hours activity (0:00). ,
2024-01-15,U117,100.0,CRITICAL,Risk score 100/100. Contributing factors: Anomaly score 0.729; After-hours activity (0:00). ,
2024-01-17,U117,73.33261013031006,MEDIUM,Risk score 73/100. Contributing factors: Anomaly score 0.356; After-hours activity (0:00). ,
2024-01-22,U117,88.81929382681847,HIGH,Risk score 89/100. Contributing factors: Anomaly score 0.397; After-hours activity (0:00). ,
2024-01-24,U117,84.40828934311867,MEDIUM,Risk score 84/100. Contributing factors: Anomaly score 0.385; After-hours activity (0:00). ,
2024-01-26,U117,100.0,CRITICAL,Risk score 100/100. Contributing factors: Anomaly score 0.465; After-hours activity (0:00). ,
2024-01-29,U117,100.0,CRITICAL,Risk score 100/100. Contributing factors: Anomaly score 0.449; After-hours activity (0:00). ,
2024-01-15,U118,100.0,CRITICAL,Risk score 100/100. Contributing factors: Anomaly score 0.591; After-hours activity (0:00). ,
2024-01-17,U118,100.0,CRITICAL,Risk score 100/100. Contributing factors: Anomaly score 0.581; After-hours activity (0:00). ,
2024-01-19,U118,100.0,CRITICAL,Risk score 100/100. Contributing factors: Anomaly score 0.508; After-hours activity (0:00). ,
2024-01-23,U118,75.58322936296463,MEDIUM,Risk score 76/100. Contributing factors: Anomaly score 0.362; After-hours activity (0:00). ,
2024-01-15,U119,100.0,CRITICAL,Risk score 100/100. Contributing factors: Anomaly score 1.068; After-hours activity (0:00). ,
2024-01-17,U119,100.0,CRITICAL,Risk score 100/100. Contributing factors: Anomaly score 1.128; After-hours activity (0:00). ,
2024-01-24,U119,88.74422550201416,HIGH,Risk score 89/100. Contributing factors: Anomaly score 0.397; After-hours activity (0:00). ,
2024-01-26,U119,100.0,CRITICAL,Risk score 100/100. Contributing factors: Anomaly score 0.478; After-hours activity (0:00). ,
2024-01-29,U119,100.0,CRITICAL,Risk score 100/100. Contributing factors: Anomaly score 0.472; After-hours activity (0:00). ,
2024-01-25,U120,86.24602720141411,HIGH,Risk score 86/100. Contributing factors: Anomaly score 0.390; After-hours activity (0:00). ,
2024-01-27,U120,97.48649463057515,CRITICAL,Risk score 97/100. Contributing factors: Anomaly score 0.420; After-hours activity (0:00). ,
2024-01-30,U120,100.0,CRITICAL,Risk score 100/100. Contributing factors: Anomaly score 0.938; After-hours activity (0:00). ,
2024-01-18,U121,100.0,CRITICAL,Risk score 100/100. Contributing factors: Anomaly score 2.845; After-hours activity (0:00). ,
2024-01-22,U121,100.0,CRITICAL,Risk score 100/100. Contributing factors: Anomaly score 2.816; After-hours activity (0:00). ,
2024-01-24,U121,100.0,CRITICAL,Risk score 100/100. Contributing factors: Anomaly score 2.808; After-hours activity (0:00). ,
2024-01-26,U121,100.0,CRITICAL,Risk score 100/100. Contributing factors: Anomaly score 2.884; After-hours activity (0:00). ,
2024-01-29,U121,100.0,CRITICAL,Risk score 100/100. Contributing factors: Anomaly score 3.225; After-hours activity (0:00). ,
2024-01-17,U122,91.24214440584183,HIGH,Risk score 91/100. Contributing factors: Anomaly score 0.403; After-hours activity (0:00). ,
2024-01-13,U123,100.0,CRITICAL,Risk score 100/100. Contributing factors: Anomaly score 1.619; After-hours activity (0:00). ,
2024-01-16,U123,100.0,CRITICAL,Risk score 100/100. Contributing factors: Anomaly score 1.717; After-hours activity (0:00). ,
2024-01-18,U123,100.0,CRITICAL,Risk score 100/100. Contributing factors: Anomaly score 1.729; After-hours activity (0:00). ,
2024-01-22,U123,100.0,CRITICAL,Risk score 100/100. Contributing factors: Anomaly score 1.570; After-hours activity (0:00). ,
2024-01-24,U123,100.0,CRITICAL,Risk score 100/100. Contributing factors: Anomaly score 1.884; After-hours activity (0:00). ,
2024-01-26,U123,100.0,CRITICAL,Risk score 100/100. Contributing factors: Anomaly score 0.642; After-hours activity (0:00). ,
2024-01-29,U123,100.0,CRITICAL,Risk score 100/100. Contributing factors: Anomaly score 0.735; After-hours activity (0:00). ,
2024-01-16,U124,100.0,CRITICAL,Risk score 100/100. Contributing factors: Anomaly score 1.102; After-hours activity (0:00). ,
2024-01-18,U124,100.0,CRITICAL,Risk score 100/100. Contributing factors: Anomaly score 1.155; After-hours activity (0:00). ,
2024-01-22,U124,100.0,CRITICAL,Risk score 100/100. Contributing factors: Anomaly score 1.016; After-hours activity (0:00). ,
2024-01-24,U124,100.0,CRITICAL,Risk score 100/100. Contributing factors: Anomaly score 1.048; After-hours activity (0:00). ,
2024-01-26,U124,100.0,CRITICAL,Risk score 100/100. Contributing factors: Anomaly score 1.332; After-hours activity (0:00). ,
2024-01-29,U124,95.35343438386916,CRITICAL,Risk score 95/100. Contributing factors: Anomaly score 0.414; After-hours activity (0:00). ,
2024-01-15,U125,100.0,CRITICAL,Risk score 100/100. Contributing factors: Anomaly score 0.503; After-hours activity (0:00). ,
2024-01-17,U125,100.0,CRITICAL,Risk score 100/100. Contributing factors: Anomaly score 0.547; After-hours activity (0:00). ,
2024-01-19,U125,98.03757682442662,CRITICAL,Risk score 98/100. Contributing factors: Anomaly score 0.421; After-hours activity (0:00). ,
2024-01-23,U125,100.0,CRITICAL,Risk score 100/100. Contributing factors: Anomaly score 0.433; After-hours activity (0:00). ,
2024-01-25,U125,84.46795731782913,MEDIUM,Risk score 84/100. Contributing factors: Anomaly score 0.385; After-hours activity (0:00). ,
2024-01-15,U126,100.0,CRITICAL,Risk score 100/100. Contributing factors: Anomaly score 0.724; After-hours activity (0:00). ,
2024-01-17,U126,100.0,CRITICAL,Risk score 100/100. Contributing factors: Anomaly score 0.697; After-hours activity (0:00). ,
2024-01-19,U126,100.0,CRITICAL,Risk score 100/100. Contributing factors: Anomaly score 0.530; After-hours activity (0:00). ,
2024-01-23,U126,100.0,CRITICAL,Risk score 100/100. Contributing factors: Anomaly score 0.647; After-hours activity (0:00). ,
2024-01-25,U126,100.0,CRITICAL,Risk score 100/100. Contributing factors: Anomaly score 0.672; After-hours activity (0:00). ,
2024-01-27,U126,100.0,CRITICAL,Risk score 100/100. Contributing factors: Anomaly score 0.441; After-hours activity (0:00). ,
2024-01-30,U126,79.17465135455132,MEDIUM,Risk score 79/100. Contributing factors: Anomaly score 0.371; After-hours activity (0:00). ,
2024-01-15,U127,72.68458843231201,MEDIUM,Risk score 73/100. Contributing factors: Anomaly score 0.354; After-hours activity (0:00). ,
2024-01-22,U127,75.04309952259064,MEDIUM,Risk score 75/100. Contributing factors: Anomaly score 0.360; After-hours activity (0:00). ,
2024-01-24,U127,100.0,CRITICAL,Risk score 100/100. Contributing factors: Anomaly score 0.430; After-hours activity (0:00). ,
2024-01-15,U128,100.0,CRITICAL,Risk score 100/100. Contributing factors: Anomaly score 1.063; After-hours activity (0:00). ,
2024-01-17,U128,100.0,CRITICAL,Risk score 100/100. Contributing factors: Anomaly score 1.105; After-hours activity (0:00). ,
2024-01-19,U128,100.0,CRITICAL,Risk score 100/100. Contributing factors: Anomaly score 0.902; After-hours activity (0:00). ,
2024-01-23,U128,100.0,CRITICAL,Risk score 100/100. Contributing factors: Anomaly score 0.856; After-hours activity (0:00). ,
2024-01-25,U128,100.0,CRITICAL,Risk score 100/100. Contributing factors: Anomaly score 0.943; After-hours activity (0:00). ,
2024-01-27,U128,80.7366693019867,MEDIUM,Risk score 81/100. Contributing factors: Anomaly score 0.375; After-hours activity (0:00). ,
2024-01-18,U129,98.32944586873052,CRITICAL,Risk score 98/100. Contributing factors: Anomaly score 0.422; After-hours activity (0:00). ,
2024-01-24,U129,79.15327191352844,MEDIUM,Risk score 79/100. Contributing factors: Anomaly score 0.371; After-hours activity (0:00). ,
2024-01-15,U130,100.0,CRITICAL,Risk score 100/100. Contributing factors: Anomaly score 0.598; After-hours activity (0:00). ,
2024-01-17,U130,100.0,CRITICAL,Risk score 100/100. Contributing factors: Anomaly score 0.742; After-hours activity (0:00). ,
2024-01-19,U130,100.0,CRITICAL,Risk score 100/100. Contributing factors: Anomaly score 0.753; After-hours activity (0:00). ,
2024-01-23,U130,100.0,CRITICAL,Risk score 100/100. Contributing factors: Anomaly score 0.608; After-hours activity (0:00). ,
2024-01-25,U130,100.0,CRITICAL,Risk score 100/100. Contributing factors: Anomaly score 0.521; After-hours activity (0:00). ,
2024-01-27,U130,100.0,CRITICAL,Risk score 100/100. Contributing factors: Anomaly score 0.599; After-hours activity (0:00). ,
2024-01-15,U131,100.0,CRITICAL,Risk score 100/100. Contributing factors: Anomaly score 0.478; After-hours activity (0:00). ,
2024-01-17,U131,79.96522128582001,MEDIUM,Risk score 80/100. Contributing factors: Anomaly score 0.373; After-hours activity (0:00). ,
2024-01-23,U131,76.03443279862404,MEDIUM,Risk score 76/100. Contributing factors: Anomaly score 0.363; After-hours activity (0:00). ,
2024-01-25,U131,90.43336898088455,HIGH,Risk score 90/100. Contributing factors: Anomaly score 0.401; After-hours activity (0:00). ,
2024-01-27,U131,83.56124773621559,MEDIUM,Risk score 84/100. Contributing factors: Anomaly score 0.383; After-hours activity (0:00). ,
2024-01-30,U132,91.69044211506844,HIGH,Risk score 92/100. Contributing factors: Anomaly score 0.405; After-hours activity (0:00). ,
2024-01-13,U133,100.0,CRITICAL,Risk score 100/100. Contributing factors: Anomaly score 0.700; Contractor role (+19%); After-hours activity (0:00). ,
2024-01-16,U133,100.0,CRITICAL,Risk score 100/100. Contributing factors: Anomaly score 0.719; Contractor role (+19%); After-hours activity (0:00). ,
2024-01-18,U133,100.0,CRITICAL,Risk score 100/100. Contributing factors: Anomaly score 0.675; Contractor role (+19%); After-hours activity (0:00). ,
2024-01-22,U133,100.0,CRITICAL,Risk score 100/100. Contributing factors: Anomaly score 0.674; Contractor role (+19%); After-hours activity (0:00). ,
2024-01-24,U133,100.0,CRITICAL,Risk score 100/100. Contributing factors: Anomaly score 0.442; Contractor role (+19%); After-hours activity (0:00). ,
2024-01-26,U133,100.0,CRITICAL,Risk score 100/100. Contributing factors: Anomaly score 0.440; Contractor role (+19%); After-hours activity (0:00). ,
2024-01-15,U134,100.0,CRITICAL,Risk score 100/100. Contributing factors: Anomaly score 0.529; Contractor role (+19%); After-hours activity (0:00). ,
2024-01-17,U134,100.0,CRITICAL,Risk score 100/100. Contributing factors: Anomaly score 0.514; Contractor role (+19%); After-hours activity (0:00). ,
2024-01-19,U134,100.0,CRITICAL,Risk score 100/100. Contributing factors: Anomaly score 0.473; Contractor role (+19%); After-hours activity (0:00). ,
2024-01-23,U134,100.0,CRITICAL,Risk score 100/100. Contributing factors: Anomaly score 0.465; Contractor role (+19%); After-hours activity (0:00). ,
2024-01-26,U134,100.0,CRITICAL,Risk score 100/100. Contributing factors: Anomaly score 0.536; Contractor role (+19%); After-hours activity (0:00). ,
2024-01-29,U134,100.0,CRITICAL,Risk score 100/100. Contributing factors: Anomaly score 0.574; Contractor role (+19%); After-hours activity (0:00). ,
2024-01-31,U134,100.0,CRITICAL,Risk score 100/100. Contributing factors: Anomaly score 0.788; Contractor role (+19%); After-hours activity (0:00). ,
2024-01-12,U135,100.0,CRITICAL,Risk score 100/100. Contributing factors: Anomaly score 0.561; Admin role (+50%); After-hours activity (0:00). ,
2024-01-15,U135,100.0,CRITICAL,Risk score 100/100. Contributing factors: Anomaly score 0.558; Admin role (+50%); After-hours activity (0:00). ,
2024-01-17,U135,100.0,CRITICAL,Risk score 100/100. Contributing factors: Anomaly score 0.592; Admin role (+50%); After-hours activity (0:00). ,
2024-01-19,U135,100.0,CRITICAL,Risk score 100/100. Contributing factors: Anomaly score 0.534; Admin role (+50%); After-hours activity (0:00). ,
2024-01-23,U135,100.0,CRITICAL,Risk score 100/100. Contributing factors: Anomaly score 0.584; Admin role (+50%); After-hours activity (0:00). ,
2024-01-25,U135,100.0,CRITICAL,Risk score 100/100. Contributing factors: Anomaly score 0.427; Admin role (+50%); After-hours activity (0:00). ,
2024-01-27,U135,100.0,CRITICAL,Risk score 100/100. Contributing factors: Anomaly score 0.429; Admin role (+50%); After-hours activity (0:00). ,
2024-01-30,U135,100.0,CRITICAL,Risk score 100/100. Contributing factors: Anomaly score 0.444; Admin role (+50%); After-hours activity (0:00). ,
2024-01-25,U137,100.0,CRITICAL,Risk score 100/100. Contributing factors: Anomaly score 0.565; After-hours activity (0:00). ,
2024-01-27,U137,100.0,CRITICAL,Risk score 100/100. Contributing factors: Anomaly score 0.548; After-hours activity (0:00). ,
2024-01-30,U137,100.0,CRITICAL,Risk score 100/100. Contributing factors: Anomaly score 0.588; After-hours activity (0:00). ,
2024-01-15,U138,100.0,CRITICAL,Risk score 100/100. Contributing factors: Anomaly score 0.872; After-hours activity (0:00). ,
2024-01-17,U138,100.0,CRITICAL,Risk score 100/100. Contributing factors: Anomaly score 0.900; After-hours activity (0:00). ,
2024-01-19,U138,100.0,CRITICAL,Risk score 100/100. Contributing factors: Anomaly score 0.750; After-hours activity (0:00). ,
2024-01-23,U138,100.0,CRITICAL,Risk score 100/100. Contributing factors: Anomaly score 0.712; After-hours activity (0:00). ,
2024-01-25,U138,88.57923611998558,HIGH,Risk score 89/100. Contributing factors: Anomaly score 0.396; After-hours activity (0:00). ,
2024-01-27,U138,77.47908174991608,MEDIUM,Risk score 77/100. Contributing factors: Anomaly score 0.367; After-hours activity (0:00). ,
2024-01-15,U139,100.0,CRITICAL,Risk score 100/100. Contributing factors: Anomaly score 0.430; After-hours activity (0:00). ,
2024-01-17,U139,100.0,CRITICAL,Risk score 100/100. Contributing factors: Anomaly score 0.444; After-hours activity (0:00). ,
2024-01-19,U139,100.0,CRITICAL,Risk score 100/100. Contributing factors: Anomaly score 0.523; After-hours activity (0:00). ,
2024-01-23,U139,100.0,CRITICAL,Risk score 100/100. Contributing factors: Anomaly score 0.495; After-hours activity (0:00). ,
2024-01-25,U139,94.53816577792166,HIGH,Risk score 95/100. Contributing factors: Anomaly score 0.412; After-hours activity (0:00). ,
2024-01-27,U139,77.26528733968735,MEDIUM,Risk score 77/100. Contributing factors: Anomaly score 0.366; After-hours activity (0:00). ,
2024-01-15,U140,74.07246395945549,MEDIUM,Risk score 74/100. Contributing factors: Anomaly score 0.358; After-hours activity (0:00). ,
2024-01-18,U140,100.0,CRITICAL,Risk score 100/100. Contributing factors: Anomaly score 0.440; After-hours activity (0:00). ,
2024-01-22,U140,100.0,CRITICAL,Risk score 100/100. Contributing factors: Anomaly score 0.447; After-hours activity (0:00). ,
2024-01-24,U140,89.83553811907768,HIGH,Risk score 90/100. Contributing factors: Anomaly score 0.400; After-hours activity (0:00). ,
2024-01-26,U140,75.90522855520248,MEDIUM,Risk score 76/100. Contributing factors: Anomaly score 0.362; After-hours activity (0:00). ,
2024-01-29,U140,79.09398391842842,MEDIUM,Risk score 79/100. Contributing factors: Anomaly score 0.371; After-hours activity (0:00). ,
2024-01-15,U141,100.0,CRITICAL,Risk score 100/100. Contributing factors: Anomaly score 0.642; After-hours activity (0:00). ,
2024-01-17,U141,100.0,CRITICAL,Risk score 100/100. Contributing factors: Anomaly score 0.600; After-hours activity (0:00). ,
2024-01-19,U141,100.0,CRITICAL,Risk score 100/100. Contributing factors: Anomaly score 0.647; After-hours activity (0:00). ,
2024-01-23,U141,99.29259359836576,CRITICAL,Risk score 99/100. Contributing factors: Anomaly score 0.425; After-hours activity (0:00). ,
2024-01-15,U142,100.0,CRITICAL,Risk score 100/100. Contributing factors: Anomaly score 3.384; After-hours activity (0:00). ,
2024-01-17,U142,100.0,CRITICAL,Risk score 100/100. Contributing factors: Anomaly score 1.625; After-hours activity (0:00). ,
2024-01-19,U142,100.0,CRITICAL,Risk score 100/100. Contributing factors: Anomaly score 0.615; After-hours activity (0:00). ,
2024-01-13,U143,100.0,CRITICAL,Risk score 100/100. Contributing factors: Anomaly score 0.693; Contractor role (+19%); After-hours activity (0:00). ,
2024-01-16,U143,100.0,CRITICAL,Risk score 100/100. Contributing factors: Anomaly score 0.796; Contractor role (+19%); After-hours activity (0:00). ,
2024-01-18,U143,100.0,CRITICAL,Risk score 100/100. Contributing factors: Anomaly score 0.956; Contractor role (+19%); After-hours activity (0:00). ,
2024-01-22,U143,100.0,CRITICAL,Risk score 100/100. Contributing factors: Anomaly score 0.777; Contractor role (+19%); After-hours activity (0:00). ,
2024-01-24,U143,100.0,CRITICAL,Risk score 100/100. Contributing factors: Anomaly score 0.724; Contractor role (+19%); After-hours activity (0:00). ,
2024-01-26,U143,100.0,CRITICAL,Risk score 100/100. Contributing factors: Anomaly score 0.643; Contractor role (+19%); After-hours activity (0:00). ,
2024-01-29,U143,100.0,CRITICAL,Risk score 100/100. Contributing factors: Anomaly score 0.550; Contractor role (+19%); After-hours activity (0:00). ,
2024-01-31,U143,100.0,CRITICAL,Risk score 100/100. Contributing factors: Anomaly score 0.568; Contractor role (+19%); After-hours activity (0:00). ,
2024-01-16,U144,90.4540890455246,HIGH,Risk score 90/100. Contributing factors: Anomaly score 0.401; After-hours activity (0:00). ,
2024-01-18,U144,100.0,CRITICAL,Risk score 100/100. Contributing factors: Anomaly score 0.434; After-hours activity (0:00). ,
2024-01-22,U144,100.0,CRITICAL,Risk score 100/100. Contributing factors: Anomaly score 0.442; After-hours activity (0:00). ,
2024-01-24,U144,78.64916190505028,MEDIUM,Risk score 79/100. Contributing factors: Anomaly score 0.370; After-hours activity (0:00). ,
2024-01-26,U144,86.60276100039482,HIGH,Risk score 87/100. Contributing factors: Anomaly score 0.391; After-hours activity (0:00). ,
2024-01-16,U145,85.04895731806755,HIGH,Risk score 85/100. Contributing factors: Anomaly score 0.387; After-hours activity (0:00). ,
2024-01-18,U145,100.0,CRITICAL,Risk score 100/100. Contributing factors: Anomaly score 1.210; After-hours activity (0:00). ,
2024-01-22,U145,100.0,CRITICAL,Risk score 100/100. Contributing factors: Anomaly score 1.187; After-hours activity (0:00). ,
2024-01-24,U145,100.0,CRITICAL,Risk score 100/100. Contributing factors: Anomaly score 1.185; After-hours activity (0:00). ,
2024-01-26,U145,100.0,CRITICAL,Risk score 100/100. Contributing factors: Anomaly score 1.208; After-hours activity (0:00). ,
2024-01-29,U145,100.0,CRITICAL,Risk score 100/100. Contributing factors: Anomaly score 1.129; After-hours activity (0:00). ,
2024-01-18,U146,90.37376806139946,HIGH,Risk score 90/100. Contributing factors: Anomaly score 0.401; After-hours activity (0:00). ,
2024-01-22,U146,96.18627145886418,CRITICAL,Risk score 96/100. Contributing factors: Anomaly score 0.416; After-hours activity (0:00). ,
2024-01-24,U146,100.0,CRITICAL,Risk score 100/100. Contributing factors: Anomaly score 0.778; After-hours activity (0:00). ,
2024-01-26,U146,100.0,CRITICAL,Risk score 100/100. Contributing factors: Anomaly score 0.779; After-hours activity (0:00). ,
2024-01-29,U146,100.0,CRITICAL,Risk score 100/100. Contributing factors: Anomaly score 0.710; After-hours activity (0:00). ,
2024-01-15,U147,79.31195810437202,MEDIUM,Risk score 79/100. Contributing factors: Anomaly score 0.371; After-hours activity (0:00). ,
2024-01-17,U147,91.59588307142258,HIGH,Risk score 92/100. Contributing factors: Anomaly score 0.404; After-hours activity (0:00). ,
2024-01-19,U147,92.19098702073097,HIGH,Risk score 92/100. Contributing factors: Anomaly score 0.406; After-hours activity (0:00). ,
2024-01-15,U148,79.95510712265968,MEDIUM,Risk score 80/100. Contributing factors: Anomaly score 0.373; After-hours activity (0:00). ,
2024-01-15,U149,100.0,CRITICAL,Risk score 100/100. Contributing factors: Anomaly score 0.586; After-hours activity (0:00). ,
2024-01-17,U149,100.0,CRITICAL,Risk score 100/100. Contributing factors: Anomaly score 0.653; After-hours activity (0:00). ,
2024-01-19,U149,100.0,CRITICAL,Risk score 100/100. Contributing factors: Anomaly score 0.631; After-hours activity (0:00). ,
2024-01-23,U149,100.0,CRITICAL,Risk score 100/100. Contributing factors: Anomaly score 0.620; After-hours activity (0:00). ,
2024-01-25,U149,100.0,CRITICAL,Risk score 100/100. Contributing factors: Anomaly score 0.434; After-hours activity (0:00). ,
2024-01-27,U149,85.67429199814796,HIGH,Risk score 86/100. Contributing factors: Anomaly score 0.388; After-hours activity (0:00). ,
2024-01-30,U149,70.27843460440636,MEDIUM,Risk score 70/100. Contributing factors: Anomaly score 0.347; After-hours activity (0:00). ,
2024-01-12,U150,100.0,CRITICAL,Risk score 100/100. Contributing factors: Anomaly score 0.452; Contractor role (+19%); After-hours activity (0:00). ,
2024-01-16,U150,100.0,CRITICAL,Risk score 100/100. Contributing factors: Anomaly score 0.564; Contractor role (+19%); After-hours activity (0:00). ,
2024-01-18,U150,100.0,CRITICAL,Risk score 100/100. Contributing factors: Anomaly score 0.864; Contractor role (+19%); After-hours activity (0:00). ,
2024-01-20,U150,100.0,CRITICAL,Risk score 100/100. Contributing factors: Anomaly score 0.784; Contractor role (+19%); After-hours activity (0:00). ,
2024-01-23,U150,100.0,CRITICAL,Risk score 100/100. Contributing factors: Anomaly score 0.863; Contractor role (+19%); After-hours activity (0:00). ,
2024-01-25,U150,100.0,CRITICAL,Risk score 100/100. Contributing factors: Anomaly score 0.901; Contractor role (+19%); After-hours activity (0:00). ,
2024-01-27,U150,100.0,CRITICAL,Risk score 100/100. Contributing factors: Anomaly score 0.834; Contractor role (+19%); After-hours activity (0:00). ,
2024-01-30,U150,100.0,CRITICAL,Risk score 100/100. Contributing factors: Anomaly score 0.447; Contractor role (+19%); After-hours activity (0:00). ,
2024-01-15,U151,100.0,CRITICAL,Risk score 100/100. Contributing factors: Anomaly score 0.658; After-hours activity (0:00). ,
2024-01-17,U151,100.0,CRITICAL,Risk score 100/100. Contributing factors: Anomaly score 0.609; After-hours activity (0:00). ,
2024-01-19,U151,100.0,CRITICAL,Risk score 100/100. Contributing factors: Anomaly score 0.434; After-hours activity (0:00). ,
2024-01-23,U151,86.34997397661209,HIGH,Risk score 86/100. Contributing factors: Anomaly score 0.390; After-hours activity (0:00). ,
2024-01-25,U151,100.0,CRITICAL,Risk score 100/100. Contributing factors: Anomaly score 0.505; After-hours activity (0:00). ,
2024-01-27,U151,70.1306001842022,MEDIUM,Risk score 70/100. Contributing factors: Anomaly score 0.347; After-hours activity (0:00). ,
2024-01-30,U151,84.7649672627449,MEDIUM,Risk score 85/100. Contributing factors: Anomaly score 0.386; After-hours activity (0:00). ,
2024-01-15,U152,100.0,CRITICAL,Risk score 100/100. Contributing factors: Anomaly score 0.541; Contractor role (+19%); After-hours activity (0:00). ,
2024-01-17,U152,100.0,CRITICAL,Risk score 100/100. Contributing factors: Anomaly score 1.107; Contractor role (+19%); After-hours activity (0:00). ,
2024-01-19,U152,100.0,CRITICAL,Risk score 100/100. Contributing factors: Anomaly score 0.888; Contractor role (+19%); After-hours activity (0:00). ,
2024-01-23,U152,100.0,CRITICAL,Risk score 100/100. Contributing factors: Anomaly score 1.133; Contractor role (+19%); After-hours activity (0:00). ,
2024-01-25,U152,100.0,CRITICAL,Risk score 100/100. Contributing factors: Anomaly score 1.381; Contractor role (+19%); After-hours activity (0:00). ,
2024-01-27,U152,100.0,CRITICAL,Risk score 100/100. Contributing factors: Anomaly score 1.622; Contractor role (+19%); After-hours activity (0:00). ,
2024-01-30,U152,100.0,CRITICAL,Risk score 100/100. Contributing factors: Anomaly score 1.090; Contractor role (+19%); After-hours activity (0:00). ,
2024-01-13,U153,100.0,CRITICAL,Risk score 100/100. Contributing factors: Anomaly score 0.705; Admin role (+50%); After-hours activity (0:00). ,
2024-01-16,U153,100.0,CRITICAL,Risk score 100/100. Contributing factors: Anomaly score 0.621; Admin role (+50%); After-hours activity (0:00). ,
2024-01-18,U153,100.0,CRITICAL,Risk score 100/100. Contributing factors: Anomaly score 0.535; Admin role (+50%); After-hours activity (0:00). ,
2024-01-20,U153,100.0,CRITICAL,Risk score 100/100. Contributing factors: Anomaly score 0.655; Admin role (+50%); After-hours activity (0:00). ,
2024-01-23,U153,100.0,CRITICAL,Risk score 100/100. Contributing factors: Anomaly score 0.598; Admin role (+50%); After-hours activity (0:00). ,
2024-01-25,U153,100.0,CRITICAL,Risk score 100/100. Contributing factors: Anomaly score 0.483; Admin role (+50%); After-hours activity (0:00). ,
2024-01-27,U153,100.0,CRITICAL,Risk score 100/100. Contributing factors: Anomaly score 0.523; Admin role (+50%); After-hours activity (0:00). ,
2024-01-30,U153,100.0,CRITICAL,Risk score 100/100. Contributing factors: Anomaly score 0.522; Admin role (+50%); After-hours activity (0:00). ,
2024-01-16,U154,79.67951014637947,MEDIUM,Risk score 80/100. Contributing factors: Anomaly score 0.372; After-hours activity (0:00). ,
2024-01-18,U154,76.99229434132576,MEDIUM,Risk score 77/100. Contributing factors: Anomaly score 0.365; After-hours activity (0:00). ,
2024-01-24,U154,80.54286852478981,MEDIUM,Risk score 81/100. Contributing factors: Anomaly score 0.375; After-hours activity (0:00). ,
2024-01-26,U154,89.28727224469185,HIGH,Risk score 89/100. Contributing factors: Anomaly score 0.398; After-hours activity (0:00). ,
2024-01-12,U155,100.0,CRITICAL,Risk score 100/100. Contributing factors: Anomaly score 0.747; Contractor role (+19%); After-hours activity (0:00). ,
2024-01-16,U155,100.0,CRITICAL,Risk score 100/100. Contributing factors: Anomaly score 0.819; Contractor role (+19%); After-hours activity (0:00). ,
2024-01-18,U155,100.0,CRITICAL,Risk score 100/100. Contributing factors: Anomaly score 0.635; Contractor role (+19%); After-hours activity (0:00). ,
2024-01-20,U155,100.0,CRITICAL,Risk score 100/100. Contributing factors: Anomaly score 0.644; Contractor role (+19%); After-hours activity (0:00). ,
2024-01-23,U155,100.0,CRITICAL,Risk score 100/100. Contributing factors: Anomaly score 0.630; Contractor role (+19%); After-hours activity (0:00). ,
2024-01-25,U155,100.0,CRITICAL,Risk score 100/100. Contributing factors: Anomaly score 0.589; Contractor role (+19%); After-hours activity (0:00). ,
2024-01-27,U155,100.0,CRITICAL,Risk score 100/100. Contributing factors: Anomaly score 0.528; Contractor role (+19%); After-hours activity (0:00). ,
2024-01-30,U155,100.0,CRITICAL,Risk score 100/100. Contributing factors: Anomaly score 0.563; Contractor role (+19%); After-hours activity (0:00). ,
2024-01-19,U156,82.02187210321426,MEDIUM,Risk score 82/100. Contributing factors: Anomaly score 0.379; After-hours activity (0:00). ,
2024-01-25,U156,81.76736399531364,MEDIUM,Risk score 82/100. Contributing factors: Anomaly score 0.378; After-hours activity (0:00). ,
2024-01-27,U156,82.90203899145126,MEDIUM,Risk score 83/100. Contributing factors: Anomaly score 0.381; After-hours activity (0:00). ,
2024-01-30,U156,100.0,CRITICAL,Risk score 100/100. Contributing factors: Anomaly score 0.442; After-hours activity (0:00). ,
2024-01-16,U157,100.0,CRITICAL,Risk score 100/100. Contributing factors: Anomaly score 0.456; After-hours activity (0:00). ,
2024-01-18,U157,71.2071830034256,MEDIUM,Risk score 71/100. Contributing factors: Anomaly score 0.350; After-hours activity (0:00). ,
2024-01-22,U157,83.38377490639687,MEDIUM,Risk score 83/100. Contributing factors: Anomaly score 0.382; After-hours activity (0:00). ,
2024-01-24,U157,78.30529153347015,MEDIUM,Risk score 78/100. Contributing factors: Anomaly score 0.369; After-hours activity (0:00). ,
2024-01-26,U157,80.7405473291874,MEDIUM,Risk score 81/100. Contributing factors: Anomaly score 0.375; After-hours activity (0:00). ,
2024-01-29,U157,73.20950791239738,MEDIUM,Risk score 73/100. Contributing factors: Anomaly score 0.355; After-hours activity (0:00). ,
2024-01-15,U158,100.0,CRITICAL,Risk score 100/100. Contributing factors: Anomaly score 0.723; After-hours activity (0:00). ,
2024-01-17,U158,100.0,CRITICAL,Risk score 100/100. Contributing factors: Anomaly score 0.677; After-hours activity (0:00). ,
2024-01-19,U158,100.0,CRITICAL,Risk score 100/100. Contributing factors: Anomaly score 0.695; After-hours activity (0:00). ,
2024-01-15,U159,100.0,CRITICAL,Risk score 100/100. Contributing factors: Anomaly score 0.807; After-hours activity (0:00). ,
2024-01-17,U159,100.0,CRITICAL,Risk score 100/100. Contributing factors: Anomaly score 0.739; After-hours activity (0:00). ,
2024-01-30,U159,82.57575944066048,MEDIUM,Risk score 83/100. Contributing factors: Anomaly score 0.380; After-hours activity (0:00). ,
2024-01-15,U160,100.0,CRITICAL,Risk score 100/100. Contributing factors: Anomaly score 1.108; After-hours activity (0:00). ,
2024-01-17,U160,100.0,CRITICAL,Risk score 100/100. Contributing factors: Anomaly score 0.573; After-hours activity (0:00). ,
2024-01-19,U160,100.0,CRITICAL,Risk score 100/100. Contributing factors: Anomaly score 0.565; After-hours activity (0:00). ,
2024-01-23,U160,100.0,CRITICAL,Risk score 100/100. Contributing factors: Anomaly score 0.477; After-hours activity (0:00). ,
2024-01-12,U161,100.0,CRITICAL,Risk score 100/100. Contributing factors: Anomaly score 1.479; After-hours activity (0:00). ,
2024-01-16,U161,100.0,CRITICAL,Risk score 100/100. Contributing factors: Anomaly score 1.613; After-hours activity (0:00). ,
2024-01-18,U161,100.0,CRITICAL,Risk score 100/100. Contributing factors: Anomaly score 1.725; After-hours activity (0:00). ,
2024-01-24,U161,96.94728121161458,CRITICAL,Risk score 97/100. Contributing factors: Anomaly score 0.419; After-hours activity (0:00). ,
2024-01-26,U161,83.66964250802994,MEDIUM,Risk score 84/100. Contributing factors: Anomaly score 0.383; After-hours activity (0:00). ,
2024-01-29,U161,91.4095701277256,HIGH,Risk score 91/100. Contributing factors: Anomaly score 0.404; After-hours activity (0:00). ,
2024-01-15,U162,100.0,CRITICAL,Risk score 100/100. Contributing factors: Anomaly score 0.677; Admin role (+50%); After-hours activity (0:00). ,
2024-01-17,U162,100.0,CRITICAL,Risk score 100/100. Contributing factors: Anomaly score 0.642; Admin role (+50%); After-hours activity (0:00). ,
2024-01-19,U162,100.0,CRITICAL,Risk score 100/100. Contributing factors: Anomaly score 0.546; Admin role (+50%); After-hours activity (0:00). ,
2024-01-22,U162,100.0,CRITICAL,Risk score 100/100. Contributing factors: Anomaly score 0.598; Admin role (+50%); After-hours activity (0:00). ,
2024-01-24,U162,100.0,CRITICAL,Risk score 100/100. Contributing factors: Anomaly score 0.559; Admin role (+50%); After-hours activity (0:00). ,
2024-01-26,U162,100.0,CRITICAL,Risk score 100/100. Contributing factors: Anomaly score 0.618; Admin role (+50%); After-hours activity (0:00). ,
2024-01-29,U162,100.0,CRITICAL,Risk score 100/100. Contributing factors: Anomaly score 0.588; Admin role (+50%); After-hours activity (0:00). ,
2024-01-18,U163,82.43200421333313,MEDIUM,Risk score 82/100. Contributing factors: Anomaly score 0.380; After-hours activity (0:00). ,
2024-01-29,U163,100.0,CRITICAL,Risk score 100/100. Contributing factors: Anomaly score 0.508; After-hours activity (0:00). ,
2024-01-15,U164,100.0,CRITICAL,Risk score 100/100. Contributing factors: Anomaly score 0.458; After-hours activity (0:00). ,
2024-01-17,U164,100.0,CRITICAL,Risk score 100/100. Contributing factors: Anomaly score 0.627; After-hours activity (0:00). ,
2024-01-19,U164,100.0,CRITICAL,Risk score 100/100. Contributing factors: Anomaly score 0.753; After-hours activity (0:00). ,
2024-01-23,U164,100.0,CRITICAL,Risk score 100/100. Contributing factors: Anomaly score 0.715; After-hours activity (0:00). ,
2024-01-25,U164,100.0,CRITICAL,Risk score 100/100. Contributing factors: Anomaly score 0.560; After-hours activity (0:00). ,
2024-01-27,U164,100.0,CRITICAL,Risk score 100/100. Contributing factors: Anomaly score 0.510; After-hours activity (0:00). ,
2024-01-17,U166,77.51539215445518,MEDIUM,Risk score 78/100. Contributing factors: Anomaly score 0.367; After-hours activity (0:00). ,
2024-01-19,U166,100.0,CRITICAL,Risk score 100/100. Contributing factors: Anomaly score 0.439; After-hours activity (0:00). ,
2024-01-23,U166,100.0,CRITICAL,Risk score 100/100. Contributing factors: Anomaly score 0.434; After-hours activity (0:00). ,
2024-01-25,U166,87.44991436600685,HIGH,Risk score 87/100. Contributing factors: Anomaly score 0.393; After-hours activity (0:00). ,
2024-01-27,U166,100.0,CRITICAL,Risk score 100/100. Contributing factors: Anomaly score 0.463; After-hours activity (0:00). ,
2024-01-30,U166,80.2818001806736,MEDIUM,Risk score 80/100. Contributing factors: Anomaly score 0.374; After-hours activity (0:00). ,
2024-01-12,U167,100.0,CRITICAL,Risk score 100/100. Contributing factors: Anomaly score 0.745; Admin role (+50%); After-hours activity (0:00). ,
2024-01-15,U167,100.0,CRITICAL,Risk score 100/100. Contributing factors: Anomaly score 0.413; Admin role (+50%); After-hours activity (0:00). ,
2024-01-17,U167,100.0,CRITICAL,Risk score 100/100. Contributing factors: Anomaly score 0.395; Admin role (+50%); After-hours activity (0:00). ,
2024-01-19,U167,100.0,CRITICAL,Risk score 100/100. Contributing factors: Anomaly score 0.472; Admin role (+50%); After-hours activity (0:00). ,
2024-01-23,U167,100.0,CRITICAL,Risk score 100/100. Contributing factors: Anomaly score 0.550; Admin role (+50%); After-hours activity (0:00). ,
2024-01-25,U167,100.0,CRITICAL,Risk score 100/100. Contributing factors: Anomaly score 0.499; Admin role (+50%); After-hours activity (0:00). ,
2024-01-27,U167,100.0,CRITICAL,Risk score 100/100. Contributing factors: Anomaly score 0.849; Admin role (+50%); After-hours activity (0:00). ,
2024-01-30,U167,100.0,CRITICAL,Risk score 100/100. Contributing factors: Anomaly score 0.826; Admin role (+50%); After-hours activity (0:00). ,
2024-01-15,U168,100.0,CRITICAL,Risk score 100/100. Contributing factors: Anomaly score 7.795; After-hours activity (0:00). ,
2024-01-20,U168,100.0,CRITICAL,Risk score 100/100. Contributing factors: Anomaly score 1.642; After-hours activity (0:00). ,
2024-01-23,U168,100.0,CRITICAL,Risk score 100/100. Contributing factors: Anomaly score 1.814; After-hours activity (0:00). ,
2024-01-25,U168,100.0,CRITICAL,Risk score 100/100. Contributing factors: Anomaly score 1.644; After-hours activity (0:00). ,
2024-01-27,U168,100.0,CRITICAL,Risk score 100/100. Contributing factors: Anomaly score 1.628; After-hours activity (0:00). ,
2024-01-30,U168,100.0,CRITICAL,Risk score 100/100. Contributing factors: Anomaly score 1.991; After-hours activity (0:00). ,
2024-01-12,U169,100.0,CRITICAL,Risk score 100/100. Contributing factors: Anomaly score 0.742; Contractor role (+19%); After-hours activity (0:00). ,
2024-01-16,U169,100.0,CRITICAL,Risk score 100/100. Contributing factors: Anomaly score 0.806; Contractor role (+19%); After-hours activity (0:00). ,
2024-01-18,U169,100.0,CRITICAL,Risk score 100/100. Contributing factors: Anomaly score 0.860; Contractor role (+19%); After-hours activity (0:00). ,
2024-01-22,U169,100.0,CRITICAL,Risk score 100/100. Contributing factors: Anomaly score 0.663; Contractor role (+19%); After-hours activity (0:00). ,
2024-01-24,U169,100.0,CRITICAL,Risk score 100/100. Contributing factors: Anomaly score 0.432; Contractor role (+19%); After-hours activity (0:00). ,
2024-01-26,U169,100.0,CRITICAL,Risk score 100/100. Contributing factors: Anomaly score 0.427; Contractor role (+19%); After-hours activity (0:00). ,
2024-01-29,U169,98.16918361186981,CRITICAL,Risk score 98/100. Contributing factors: Anomaly score 0.378; Contractor role (+19%); After-hours activity (0:00). ,
2024-01-15,U170,73.49724188446999,MEDIUM,Risk score 73/100. Contributing factors: Anomaly score 0.356; After-hours activity (0:00). ,
2024-01-15,U171,100.0,CRITICAL,Risk score 100/100. Contributing factors: Anomaly score 1.420; After-hours activity (0:00). ,
2024-01-17,U171,100.0,CRITICAL,Risk score 100/100. Contributing factors: Anomaly score 1.431; After-hours activity (0:00). ,
2024-01-19,U171,100.0,CRITICAL,Risk score 100/100. Contributing factors: Anomaly score 1.442; After-hours activity (0:00). ,
2024-01-23,U171,100.0,CRITICAL,Risk score 100/100. Contributing factors: Anomaly score 1.627; After-hours activity (0:00). ,
2024-01-25,U171,100.0,CRITICAL,Risk score 100/100. Contributing factors: Anomaly score 1.017; After-hours activity (0:00). ,
2024-01-27,U171,100.0,CRITICAL,Risk score 100/100. Contributing factors: Anomaly score 0.508; After-hours activity (0:00). ,
2024-01-30,U171,100.0,CRITICAL,Risk score 100/100. Contributing factors: Anomaly score 0.502; After-hours activity (0:00). ,
2024-01-15,U172,100.0,CRITICAL,Risk score 100/100. Contributing factors: Anomaly score 0.645; After-hours activity (0:00). ,
2024-01-17,U172,100.0,CRITICAL,Risk score 100/100. Contributing factors: Anomaly score 0.666; After-hours activity (0:00). ,
2024-01-19,U172,100.0,CRITICAL,Risk score 100/100. Contributing factors: Anomaly score 0.762; After-hours activity (0:00). ,
2024-01-23,U172,100.0,CRITICAL,Risk score 100/100. Contributing factors: Anomaly score 0.549; After-hours activity (0:00). ,
2024-01-25,U172,100.0,CRITICAL,Risk score 100/100. Contributing factors: Anomaly score 0.531; After-hours activity (0:00). ,
2024-01-27,U172,100.0,CRITICAL,Risk score 100/100. Contributing factors: Anomaly score 1.304; After-hours activity (0:00). ,
2024-01-30,U172,100.0,CRITICAL,Risk score 100/100. Contributing factors: Anomaly score 1.306; After-hours activity (0:00). ,
2024-01-12,U173,100.0,CRITICAL,Risk score 100/100. Contributing factors: Anomaly score 0.642; Admin role (+50%); After-hours activity (0:00). ,
2024-01-15,U173,100.0,CRITICAL,Risk score 100/100. Contributing factors: Anomaly score 0.766; Admin role (+50%); After-hours activity (0:00). ,
2024-01-17,U173,100.0,CRITICAL,Risk score 100/100. Contributing factors: Anomaly score 0.630; Admin role (+50%); After-hours activity (0:00). ,
2024-01-19,U173,100.0,CRITICAL,Risk score 100/100. Contributing factors: Anomaly score 0.566; Admin role (+50%); After-hours activity (0:00). ,
2024-01-22,U173,100.0,CRITICAL,Risk score 100/100. Contributing factors: Anomaly score 0.433; Admin role (+50%); After-hours activity (0:00). ,
2024-01-24,U173,100.0,CRITICAL,Risk score 100/100. Contributing factors: Anomaly score 0.429; Admin role (+50%); After-hours activity (0:00). ,
2024-01-26,U173,100.0,CRITICAL,Risk score 100/100. Contributing factors: Anomaly score 0.362; Admin role (+50%); After-hours activity (0:00). ,
2024-01-28,U173,100.0,CRITICAL,Risk score 100/100. Contributing factors: Anomaly score 0.433; Admin role (+50%); After-hours activity (0:00). ,
2024-01-30,U173,100.0,CRITICAL,Risk score 100/100. Contributing factors: Anomaly score 0.415; Admin role (+50%); After-hours activity (0:00). ,
2024-01-15,U174,100.0,CRITICAL,Risk score 100/100. Contributing factors: Anomaly score 0.630; After-hours activity (0:00). ,
2024-01-17,U174,100.0,CRITICAL,Risk score 100/100. Contributing factors: Anomaly score 0.608; After-hours activity (0:00). ,
2024-01-19,U174,100.0,CRITICAL,Risk score 100/100. Contributing factors: Anomaly score 0.679; After-hours activity (0:00). ,
2024-01-23,U174,100.0,CRITICAL,Risk score 100/100. Contributing factors: Anomaly score 0.673; After-hours activity (0:00). ,
2024-01-25,U174,100.0,CRITICAL,Risk score 100/100. Contributing factors: Anomaly score 1.033; After-hours activity (0:00). ,
2024-01-27,U174,100.0,CRITICAL,Risk score 100/100. Contributing factors: Anomaly score 1.029; After-hours activity (0:00). ,
2024-01-30,U174,100.0,CRITICAL,Risk score 100/100. Contributing factors: Anomaly score 0.901; After-hours activity (0:00). ,
2024-01-17,U175,79.78073000907898,MEDIUM,Risk score 80/100. Contributing factors: Anomaly score 0.373; After-hours activity (0:00). ,
2024-01-19,U175,90.75181424617767,HIGH,Risk score 91/100. Contributing factors: Anomaly score 0.402; After-hours activity (0:00). ,
2024-01-23,U175,100.0,CRITICAL,Risk score 100/100. Contributing factors: Anomaly score 0.549; After-hours activity (0:00). ,
2024-01-25,U175,100.0,CRITICAL,Risk score 100/100. Contributing factors: Anomaly score 0.559; After-hours activity (0:00). ,
2024-01-27,U175,100.0,CRITICAL,Risk score 100/100. Contributing factors: Anomaly score 0.507; After-hours activity (0:00). ,
2024-01-30,U175,100.0,CRITICAL,Risk score 100/100. Contributing factors: Anomaly score 0.586; After-hours activity (0:00). ,
2024-01-17,U177,91.44266188144684,HIGH,Risk score 91/100. Contributing factors: Anomaly score 0.404; After-hours activity (0:00). ,
2024-01-24,U177,100.0,CRITICAL,Risk score 100/100. Contributing factors: Anomaly score 0.598; After-hours activity (0:00). ,
2024-01-26,U177,100.0,CRITICAL,Risk score 100/100. Contributing factors: Anomaly score 0.846; After-hours activity (0:00). ,
2024-01-29,U177,100.0,CRITICAL,Risk score 100/100. Contributing factors: Anomaly score 0.704; After-hours activity (0:00). ,
2024-01-15,U178,74.49019566178322,MEDIUM,Risk score 74/100. Contributing factors: Anomaly score 0.359; After-hours activity (0:00). ,
2024-01-26,U178,100.0,CRITICAL,Risk score 100/100. Contributing factors: Anomaly score 0.589; After-hours activity (0:00). ,
2024-01-29,U178,100.0,CRITICAL,Risk score 100/100. Contributing factors: Anomaly score 0.599; After-hours activity (0:00). ,
2024-01-15,U179,72.91507959365845,MEDIUM,Risk score 73/100. Contributing factors: Anomaly score 0.354; After-hours activity (0:00). ,
2024-01-17,U179,78.2552795112133,MEDIUM,Risk score 78/100. Contributing factors: Anomaly score 0.369; After-hours activity (0:00). ,
2024-01-15,U180,92.38350749015808,HIGH,Risk score 92/100. Contributing factors: Anomaly score 0.324; Admin role (+50%); After-hours activity (0:00). ,
2024-01-17,U180,100.0,CRITICAL,Risk score 100/100. Contributing factors: Anomaly score 0.418; Admin role (+50%); After-hours activity (0:00). ,
2024-01-19,U180,100.0,CRITICAL,Risk score 100/100. Contributing factors: Anomaly score 0.504; Admin role (+50%); After-hours activity (0:00). ,
2024-01-22,U180,100.0,CRITICAL,Risk score 100/100. Contributing factors: Anomaly score 0.548; Admin role (+50%); After-hours activity (0:00). ,
2024-01-24,U180,100.0,CRITICAL,Risk score 100/100. Contributing factors: Anomaly score 0.544; Admin role (+50%); After-hours activity (0:00). ,
2024-01-26,U180,100.0,CRITICAL,Risk score 100/100. Contributing factors: Anomaly score 0.482; Admin role (+50%); After-hours activity (0:00). ,
2024-01-29,U180,90.9617355465889,HIGH,Risk score 91/100. Contributing factors: Anomaly score 0.322; Admin role (+50%); After-hours activity (0:00). ,
2024-01-27,U181,100.0,CRITICAL,Risk score 100/100. Contributing factors: Anomaly score 0.433; After-hours activity (0:00). ,
2024-01-30,U181,100.0,CRITICAL,Risk score 100/100. Contributing factors: Anomaly score 0.535; After-hours activity (0:00). ,
2024-01-15,U182,87.71729707717896,HIGH,Risk score 88/100. Contributing factors: Anomaly score 0.394; After-hours activity (0:00). ,
2024-01-17,U182,100.0,CRITICAL,Risk score 100/100. Contributing factors: Anomaly score 0.518; After-hours activity (0:00). ,
2024-01-19,U182,100.0,CRITICAL,Risk score 100/100. Contributing factors: Anomaly score 0.453; After-hours activity (0:00). ,
2024-01-23,U182,100.0,CRITICAL,Risk score 100/100. Contributing factors: Anomaly score 0.451; After-hours activity (0:00). ,
2024-01-25,U182,100.0,CRITICAL,Risk score 100/100. Contributing factors: Anomaly score 0.450; After-hours activity (0:00). ,
2024-01-27,U182,100.0,CRITICAL,Risk score 100/100. Contributing factors: Anomaly score 0.435; After-hours activity (0:00). ,
2024-01-30,U182,100.0,CRITICAL,Risk score 100/100. Contributing factors: Anomaly score 0.668; After-hours activity (0:00). ,
2024-01-15,U183,100.0,CRITICAL,Risk score 100/100. Contributing factors: Anomaly score 0.539; After-hours activity (0:00). ,
2024-01-17,U183,100.0,CRITICAL,Risk score 100/100. Contributing factors: Anomaly score 0.497; After-hours activity (0:00). ,
2024-01-19,U183,100.0,CRITICAL,Risk score 100/100. Contributing factors: Anomaly score 0.487; After-hours activity (0:00). ,
2024-01-23,U183,100.0,CRITICAL,Risk score 100/100. Contributing factors: Anomaly score 0.511; After-hours activity (0:00). ,
2024-01-25,U183,90.85653215646744,HIGH,Risk score 91/100. Contributing factors: Anomaly score 0.402; After-hours activity (0:00). ,
2024-01-27,U183,97.1942679584026,CRITICAL,Risk score 97/100. Contributing factors: Anomaly score 0.419; After-hours activity (0:00). ,
2024-01-30,U183,80.23640379309654,MEDIUM,Risk score 80/100. Contributing factors: Anomaly score 0.374; After-hours activity (0:00). ,
2024-01-15,U185,100.0,CRITICAL,Risk score 100/100. Contributing factors: Anomaly score 0.971; After-hours activity (0:00). ,
2024-01-17,U185,100.0,CRITICAL,Risk score 100/100. Contributing factors: Anomaly score 1.007; After-hours activity (0:00). ,
2024-01-19,U185,79.69525694847107,MEDIUM,Risk score 80/100. Contributing factors: Anomaly score 0.373; After-hours activity (0:00). ,
2024-01-23,U185,91.3768807053566,HIGH,Risk score 91/100. Contributing factors: Anomaly score 0.404; After-hours activity (0:00). ,
2024-01-26,U185,100.0,CRITICAL,Risk score 100/100. Contributing factors: Anomaly score 0.452; After-hours activity (0:00). ,
2024-01-29,U185,98.16828981041905,CRITICAL,Risk score 98/100. Contributing factors: Anomaly score 0.422; After-hours activity (0:00). ,
2024-01-15,U186,100.0,CRITICAL,Risk score 100/100. Contributing factors: Anomaly score 0.525; After-hours activity (0:00). ,
2024-01-17,U186,99.33885052800176,CRITICAL,Risk score 99/100. Contributing factors: Anomaly score 0.425; After-hours activity (0:00). ,
2024-01-19,U186,78.1029412150383,MEDIUM,Risk score 78/100. Contributing factors: Anomaly score 0.368; After-hours activity (0:00). ,
2024-01-23,U186,89.7788093984127,HIGH,Risk score 90/100. Contributing factors: Anomaly score 0.399; After-hours activity (0:00). ,
2024-01-15,U187,93.0270203948021,HIGH,Risk score 93/100. Contributing factors: Anomaly score 0.408; After-hours activity (0:00). ,
2024-01-17,U187,70.02440705895424,MEDIUM,Risk score 70/100. Contributing factors: Anomaly score 0.347; After-hours activity (0:00). ,
2024-01-22,U187,100.0,CRITICAL,Risk score 100/100. Contributing factors: Anomaly score 0.944; After-hours activity (0:00). ,
2024-01-24,U187,100.0,CRITICAL,Risk score 100/100. Contributing factors: Anomaly score 0.951; After-hours activity (0:00). ,
2024-01-26,U187,100.0,CRITICAL,Risk score 100/100. Contributing factors: Anomaly score 0.841; After-hours activity (0:00). ,
2024-01-29,U187,100.0,CRITICAL,Risk score 100/100. Contributing factors: Anomaly score 0.832; After-hours activity (0:00). ,
2024-01-13,U188,100.0,CRITICAL,Risk score 100/100. Contributing factors: Anomaly score 0.583; Admin role (+50%); After-hours activity (0:00). ,
2024-01-16,U188,100.0,CRITICAL,Risk score 100/100. Contributing factors: Anomaly score 0.563; Admin role (+50%); After-hours activity (0:00). ,
2024-01-18,U188,100.0,CRITICAL,Risk score 100/100. Contributing factors: Anomaly score 0.509; Admin role (+50%); After-hours activity (0:00). ,
2024-01-22,U188,100.0,CRITICAL,Risk score 100/100. Contributing factors: Anomaly score 0.607; Admin role (+50%); After-hours activity (0:00). ,
2024-01-24,U188,100.0,CRITICAL,Risk score 100/100. Contributing factors: Anomaly score 0.643; Admin role (+50%); After-hours activity (0:00). ,
2024-01-26,U188,100.0,CRITICAL,Risk score 100/100. Contributing factors: Anomaly score 0.595; Admin role (+50%); After-hours activity (0:00). ,
2024-01-29,U188,100.0,CRITICAL,Risk score 100/100. Contributing factors: Anomaly score 0.474; Admin role (+50%); After-hours activity (0:00). ,
2024-01-15,U189,100.0,CRITICAL,Risk score 100/100. Contributing factors: Anomaly score 1.780; After-hours activity (0:00). ,
2024-01-17,U189,100.0,CRITICAL,Risk score 100/100. Contributing factors: Anomaly score 1.834; After-hours activity (0:00). ,
2024-01-19,U189,100.0,CRITICAL,Risk score 100/100. Contributing factors: Anomaly score 0.513; After-hours activity (0:00). ,
2024-01-23,U189,100.0,CRITICAL,Risk score 100/100. Contributing factors: Anomaly score 0.629; After-hours activity (0:00). ,
2024-01-25,U189,100.0,CRITICAL,Risk score 100/100. Contributing factors: Anomaly score 0.689; After-hours activity (0:00). ,
2024-01-27,U189,100.0,CRITICAL,Risk score 100/100. Contributing factors: Anomaly score 0.555; After-hours activity (0:00). ,
2024-01-30,U189,100.0,CRITICAL,Risk score 100/100. Contributing factors: Anomaly score 1.004; After-hours activity (0:00). ,
2024-01-15,U190,100.0,CRITICAL,Risk score 100/100. Contributing factors: Anomaly score 0.563; After-hours activity (0:00). ,
2024-01-17,U190,100.0,CRITICAL,Risk score 100/100. Contributing factors: Anomaly score 0.519; After-hours activity (0:00). ,
2024-01-19,U190,100.0,CRITICAL,Risk score 100/100. Contributing factors: Anomaly score 0.437; After-hours activity (0:00). ,
2024-01-23,U190,73.0229714512825,MEDIUM,Risk score 73/100. Contributing factors: Anomaly score 0.355; After-hours activity (0:00). ,
2024-01-30,U190,100.0,CRITICAL,Risk score 100/100. Contributing factors: Anomaly score 0.536; After-hours activity (0:00). ,
2024-01-15,U191,100.0,CRITICAL,Risk score 100/100. Contributing factors: Anomaly score 1.143; After-hours activity (0:00). ,
2024-01-17,U191,100.0,CRITICAL,Risk score 100/100. Contributing factors: Anomaly score 1.224; After-hours activity (0:00). ,
2024-01-19,U191,100.0,CRITICAL,Risk score 100/100. Contributing factors: Anomaly score 1.221; After-hours activity (0:00). ,
2024-01-23,U191,100.0,CRITICAL,Risk score 100/100. Contributing factors: Anomaly score 0.493; After-hours activity (0:00). ,
2024-01-27,U191,100.0,CRITICAL,Risk score 100/100. Contributing factors: Anomaly score 0.449; After-hours activity (0:00). ,
2024-01-30,U191,97.30660781264302,CRITICAL,Risk score 97/100. Contributing factors: Anomaly score 0.419; After-hours activity (0:00). ,
2024-01-15,U192,100.0,CRITICAL,Risk score 100/100. Contributing factors: Anomaly score 0.561; After-hours activity (0:00). ,
2024-01-17,U192,100.0,CRITICAL,Risk score 100/100. Contributing factors: Anomaly score 0.570; After-hours activity (0:00). ,
2024-01-19,U192,100.0,CRITICAL,Risk score 100/100. Contributing factors: Anomaly score 0.548; After-hours activity (0:00). ,
2024-01-23,U192,100.0,CRITICAL,Risk score 100/100. Contributing factors: Anomaly score 0.686; After-hours activity (0:00). ,
2024-01-25,U192,100.0,CRITICAL,Risk score 100/100. Contributing factors: Anomaly score 2.401; After-hours activity (0:00). ,
2024-01-27,U192,100.0,CRITICAL,Risk score 100/100. Contributing factors: Anomaly score 2.886; After-hours activity (0:00). ,
2024-01-30,U192,100.0,CRITICAL,Risk score 100/100. Contributing factors: Anomaly score 2.934; After-hours activity (0:00). ,
2024-01-15,U193,100.0,CRITICAL,Risk score 100/100. Contributing factors: Anomaly score 0.442; After-hours activity (0:00). ,
2024-01-17,U193,100.0,CRITICAL,Risk score 100/100. Contributing factors: Anomaly score 0.616; After-hours activity (0:00). ,
2024-01-19,U193,100.0,CRITICAL,Risk score 100/100. Contributing factors: Anomaly score 0.632; After-hours activity (0:00). ,
2024-01-23,U193,100.0,CRITICAL,Risk score 100/100. Contributing factors: Anomaly score 0.615; After-hours activity (0:00). ,
2024-01-25,U193,100.0,CRITICAL,Risk score 100/100. Contributing factors: Anomaly score 0.478; After-hours activity (0:00). ,
2024-01-27,U193,100.0,CRITICAL,Risk score 100/100. Contributing factors: Anomaly score 0.435; After-hours activity (0:00). ,
2024-01-30,U193,100.0,CRITICAL,Risk score 100/100. Contributing factors: Anomaly score 0.584; After-hours activity (0:00). ,
2024-01-15,U194,100.0,CRITICAL,Risk score 100/100. Contributing factors: Anomaly score 1.424; After-hours activity (0:00). ,
2024-01-17,U194,100.0,CRITICAL,Risk score 100/100. Contributing factors: Anomaly score 1.083; After-hours activity (0:00). ,
2024-01-19,U194,100.0,CRITICAL,Risk score 100/100. Contributing factors: Anomaly score 1.334; After-hours activity (0:00). ,
2024-01-23,U194,100.0,CRITICAL,Risk score 100/100. Contributing factors: Anomaly score 1.278; After-hours activity (0:00). ,
2024-01-25,U194,100.0,CRITICAL,Risk score 100/100. Contributing factors: Anomaly score 1.464; After-hours activity (0:00). ,
2024-01-27,U194,100.0,CRITICAL,Risk score 100/100. Contributing factors: Anomaly score 0.913; After-hours activity (0:00). ,
2024-01-30,U194,100.0,CRITICAL,Risk score 100/100. Contributing factors: Anomaly score 0.964; After-hours activity (0:00). ,
2024-01-15,U195,100.0,CRITICAL,Risk score 100/100. Contributing factors: Anomaly score 0.607; After-hours activity (0:00). ,
2024-01-17,U195,100.0,CRITICAL,Risk score 100/100. Contributing factors: Anomaly score 0.485; After-hours activity (0:00). ,
2024-01-19,U195,100.0,CRITICAL,Risk score 100/100. Contributing factors: Anomaly score 0.456; After-hours activity (0:00). ,
2024-01-23,U195,100.0,CRITICAL,Risk score 100/100. Contributing factors: Anomaly score 0.456; After-hours activity (0:00). ,
2024-01-25,U195,95.86036071181296,CRITICAL,Risk score 96/100. Contributing factors: Anomaly score 0.416; After-hours activity (0:00). ,
2024-01-27,U195,78.92052322626114,MEDIUM,Risk score 79/100. Contributing factors: Anomaly score 0.370; After-hours activity (0:00). ,
2024-01-12,U196,100.0,CRITICAL,Risk score 100/100. Contributing factors: Anomaly score 1.488; After-hours activity (0:00). ,
2024-01-16,U196,100.0,CRITICAL,Risk score 100/100. Contributing factors: Anomaly score 1.549; After-hours activity (0:00). ,
2024-01-18,U196,100.0,CRITICAL,Risk score 100/100. Contributing factors: Anomaly score 1.292; After-hours activity (0:00). ,
2024-01-22,U196,100.0,CRITICAL,Risk score 100/100. Contributing factors: Anomaly score 0.444; After-hours activity (0:00). ,
2024-01-24,U196,93.03510054945946,HIGH,Risk score 93/100. Contributing factors: Anomaly score 0.408; After-hours activity (0:00). ,
2024-01-26,U196,100.0,CRITICAL,Risk score 100/100. Contributing factors: Anomaly score 0.483; After-hours activity (0:00). ,
2024-01-29,U196,100.0,CRITICAL,Risk score 100/100. Contributing factors: Anomaly score 0.467; After-hours activity (0:00). ,
2024-01-19,U197,100.0,CRITICAL,Risk score 100/100. Contributing factors: Anomaly score 0.443; After-hours activity (0:00). ,
2024-01-23,U197,98.51606056094167,CRITICAL,Risk score 99/100. Contributing factors: Anomaly score 0.423; After-hours activity (0:00). ,
2024-01-15,U198,100.0,CRITICAL,Risk score 100/100. Contributing factors: Anomaly score 0.446; After-hours activity (0:00). ,
2024-01-17,U198,99.79576483368871,CRITICAL,Risk score 100/100. Contributing factors: Anomaly score 0.426; After-hours activity (0:00). ,
2024-01-19,U198,83.13574880361557,MEDIUM,Risk score 83/100. Contributing factors: Anomaly score 0.382; After-hours activity (0:00). ,
2024-01-23,U198,78.22606578469276,MEDIUM,Risk score 78/100. Contributing factors: Anomaly score 0.369; After-hours activity (0:00). ,
2024-01-29,U198,81.77864044904709,MEDIUM,Risk score 82/100. Contributing factors: Anomaly score 0.378; After-hours activity (0:00). ,
2024-01-16,U199,75.70902496576309,MEDIUM,Risk score 76/100. Contributing factors: Anomaly score 0.362; After-hours activity (0:00). ,
2024-01-18,U199,100.0,CRITICAL,Risk score 100/100. Contributing factors: Anomaly score 0.728; After-hours activity (0:00). ,
2024-01-22,U199,100.0,CRITICAL,Risk score 100/100. Contributing factors: Anomaly score 0.772; After-hours activity (0:00). ,
2024-01-24,U199,100.0,CRITICAL,Risk score 100/100. Contributing factors: Anomaly score 0.679; After-hours activity (0:00). ,
2024-01-26,U199,100.0,CRITICAL,Risk score 100/100. Contributing factors: Anomaly score 0.607; After-hours activity (0:00). ,
2024-01-29,U199,100.0,CRITICAL,Risk score 100/100. Contributing factors: Anomaly score 0.788; After-hours activity (0:00). ,
